"time","F_left","F_right","grip","egg"
"0.13953685760498047","-999","-999","-999","-999"
"0.14476466178894043","-999","-999","-999","-999"
"0.14963030815124512","-999","-999","-999","-999"
"0.1546328067779541","-999","-999","-999","-999"
"0.159653902053833","-999","-999","-999","-999"
"0.1647050380706787","-999","-999","-999","-999"
"0.169677734375","-999","-999","-999","-999"
"0.17467784881591797","-999","-999","-999","-999"
"0.17967581748962402","-999","-999","-999","-999"
"0.1846923828125","-999","-999","-999","-999"
"0.18967318534851074","-999","-999","-999","-999"
"0.19467711448669434","-999","-999","-999","-999"
"0.1996464729309082","-999","-999","-999","-999"
"0.20465421676635742","-999","-999","-999","-999"
"0.2096569538116455","-999","-999","-999","-999"
"0.2147068977355957","-999","-999","-999","-999"
"0.21967244148254395","-999","-999","-999","-999"
"0.2247629165649414","-999","-999","-999","-999"
"0.22978878021240234","-999","-999","-999","-999"
"0.23466277122497559","-999","-999","-999","-999"
"0.23963022232055664","-999","-999","-999","-999"
"0.24472570419311523","-999","-999","-999","-999"
"0.2496631145477295","-999","-999","-999","-999"
"0.2546238899230957","-999","-999","-999","-999"
"0.25968074798583984","-999","-999","-999","-999"
"0.26470184326171875","-999","-999","-999","-999"
"0.269667387008667","-999","-999","-999","-999"
"0.2746758460998535","-999","-999","-999","-999"
"0.27966761589050293","-999","-999","-999","-999"
"0.2846364974975586","-999","-999","-999","-999"
"0.2896435260772705","-999","-999","-999","-999"
"0.29465317726135254","-999","-999","-999","-999"
"0.2996644973754883","-999","-999","-999","-999"
"0.3046445846557617","-999","-999","-999","-999"
"0.3096911907196045","-999","-999","-999","-999"
"0.3147876262664795","-999","-999","-999","-999"
"0.3196570873260498","-999","-999","-999","-999"
"0.32466578483581543","-999","-999","-999","-999"
"0.32968783378601074","-999","-999","-999","-999"
"0.33467721939086914","-999","-999","-999","-999"
"0.33964967727661133","-999","-999","-999","-999"
"0.34465885162353516","-999","-999","-999","-999"
"0.3496706485748291","-999","-999","-999","-999"
"0.3546597957611084","-999","-999","-999","-999"
"0.3596532344818115","-999","-999","-999","-999"
"0.36469340324401855","-999","-999","-999","-999"
"0.3696413040161133","-999","-999","-999","-999"
"0.37465906143188477","-999","-999","-999","-999"
"0.3796553611755371","-999","-999","-999","-999"
"0.3846621513366699","-999","-999","-999","-999"
"0.3896663188934326","-999","-999","-999","-999"
"0.3946671485900879","-999","-999","-999","-999"
"0.3996610641479492","-999","-999","-999","-999"
"0.4046614170074463","-999","-999","-999","-999"
"0.4096810817718506","-999","-999","-999","-999"
"0.41488146781921387","-999","-999","-999","-999"
"0.419724702835083","-999","-999","-999","-999"
"0.42465829849243164","-999","-999","-999","-999"
"0.4296741485595703","-999","-999","-999","-999"
"0.4346792697906494","-999","-999","-999","-999"
"0.4396381378173828","-999","-999","-999","-999"
"0.44466066360473633","-999","-999","-999","-999"
"0.449678897857666","-999","-999","-999","-999"
"0.45465588569641113","-999","-999","-999","-999"
"0.4596419334411621","-999","-999","-999","-999"
"0.46468019485473633","-999","-999","-999","-999"
"0.46965837478637695","-999","-999","-999","-999"
"0.47463512420654297","-999","-999","-999","-999"
"0.47963905334472656","-999","-999","-999","-999"
"0.4848780632019043","-999","-999","-999","-999"
"0.48964881896972656","-999","-999","-999","-999"
"0.4946258068084717","-999","-999","-999","-999"
"0.49962401390075684","-999","-999","-999","-999"
"0.5046470165252686","-999","-999","-999","-999"
"0.5104928016662598","-999","-999","-999","-999"
"0.5146381855010986","-999","-999","-999","-999"
"0.5197362899780273","-999","-999","-999","-999"
"0.524669885635376","-999","-999","-999","-999"
"0.5296673774719238","-999","-999","-999","-999"
"0.5346293449401855","-999","-999","-999","-999"
"0.5396082401275635","-999","-999","-999","-999"
"0.5446367263793945","-999","-999","-999","-999"
"0.5496559143066406","-999","-999","-999","-999"
"0.5548343658447266","-999","-999","-999","-999"
"0.5596809387207031","-999","-999","-999","-999"
"0.5646309852600098","-999","-999","-999","-999"
"0.5696156024932861","-999","-999","-999","-999"
"0.5746259689331055","-999","-999","-999","-999"
"0.5796239376068115","-999","-999","-999","-999"
"0.5847015380859375","-999","-999","-999","-999"
"0.589637279510498","-999","-999","-999","-999"
"0.5946424007415771","-999","-999","-999","-999"
"0.5997591018676758","-999","-999","-999","-999"
"0.6046772003173828","-999","-999","-999","-999"
"0.609644889831543","-999","-999","-999","-999"
"0.6160626411437988","-999","-999","-999","-999"
"0.6196482181549072","-999","-999","-999","-999"
"0.6246755123138428","-999","-999","-999","-999"
"0.6296701431274414","-999","-999","-999","-999"
"0.6346595287322998","-999","-999","-999","-999"
"0.6396324634552002","-999","-999","-999","-999"
"0.6446366310119629","-999","-999","-999","-999"
"0.6498422622680664","-999","-999","-999","-999"
"0.6546564102172852","-999","-999","-999","-999"
"0.6596584320068359","-999","-999","-999","-999"
"0.6646444797515869","-999","-999","-999","-999"
"0.6696815490722656","-999","-999","-999","-999"
"0.6746382713317871","-999","-999","-999","-999"
"0.6796486377716064","-999","-999","-999","-999"
"0.6847341060638428","-999","-999","-999","-999"
"0.6907684803009033","-999","-999","-999","-999"
"0.6946473121643066","-999","-999","-999","-999"
"0.699636697769165","-999","-999","-999","-999"
"0.7046270370483398","-999","-999","-999","-999"
"0.7096350193023682","-999","-999","-999","-999"
"0.7147181034088135","-999","-999","-999","-999"
"0.7196447849273682","-999","-999","-999","-999"
"0.7246589660644531","-999","-999","-999","-999"
"0.7296292781829834","-999","-999","-999","-999"
"0.7346796989440918","-999","-999","-999","-999"
"0.7396361827850342","-999","-999","-999","-999"
"0.7446825504302979","-999","-999","-999","-999"
"0.7496957778930664","-999","-999","-999","-999"
"0.7546291351318359","-999","-999","-999","-999"
"0.7596633434295654","-999","-999","-999","-999"
"0.7646853923797607","-999","-999","-999","-999"
"0.7696592807769775","-999","-999","-999","-999"
"0.7746357917785645","-999","-999","-999","-999"
"0.7796535491943359","-999","-999","-999","-999"
"0.7846677303314209","-999","-999","-999","-999"
"0.7896194458007812","-999","-999","-999","-999"
"0.7947163581848145","-999","-999","-999","-999"
"0.799645185470581","-999","-999","-999","-999"
"0.8046388626098633","-999","-999","-999","-999"
"0.8096432685852051","-999","-999","-999","-999"
"0.8147189617156982","-999","-999","-999","-999"
"0.8196191787719727","-999","-999","-999","-999"
"0.8246262073516846","-999","-999","-999","-999"
"0.829634428024292","-999","-999","-999","-999"
"0.8346483707427979","-999","-999","-999","-999"
"0.8398356437683105","-999","-999","-999","-999"
"0.844693660736084","-999","-999","-999","-999"
"0.8496615886688232","-999","-999","-999","-999"
"0.8546760082244873","-999","-999","-999","-999"
"0.8596549034118652","-999","-999","-999","-999"
"0.8647253513336182","-999","-999","-999","-999"
"0.8696615695953369","-999","-999","-999","-999"
"0.8746242523193359","-999","-999","-999","-999"
"0.8796446323394775","-999","-999","-999","-999"
"0.8846266269683838","-999","-999","-999","-999"
"0.8896369934082031","-999","-999","-999","-999"
"0.8948783874511719","-999","-999","-999","-999"
"0.8996331691741943","-999","-999","-999","-999"
"0.9046647548675537","-999","-999","-999","-999"
"0.9096260070800781","-999","-999","-999","-999"
"0.9146580696105957","-999","-999","-999","-999"
"0.9196152687072754","-999","-999","-999","-999"
"0.9246602058410645","-999","-999","-999","-999"
"0.929640531539917","-999","-999","-999","-999"
"0.9346644878387451","-999","-999","-999","-999"
"0.9396264553070068","-999","-999","-999","-999"
"0.9446454048156738","-999","-999","-999","-999"
"0.9496428966522217","-999","-999","-999","-999"
"0.9546592235565186","-999","-999","-999","-999"
"0.9596295356750488","-999","-999","-999","-999"
"0.9646415710449219","-999","-999","-999","-999"
"0.9696364402770996","-999","-999","-999","-999"
"0.9746301174163818","-999","-999","-999","-999"
"0.9796271324157715","-999","-999","-999","-999"
"0.984626293182373","-999","-999","-999","-999"
"0.9896464347839355","-999","-999","-999","-999"
"0.9946677684783936","-999","-999","-999","-999"
"0.9996562004089355","-999","-999","-999","-999"
"1.0046322345733643","-999","-999","-999","-999"
"1.0096464157104492","-999","-999","-999","-999"
"1.0146589279174805","-999","-999","-999","-999"
"1.0206780433654785","-999","-999","-999","-999"
"1.024632453918457","-999","-999","-999","-999"
"1.029655933380127","-999","-999","-999","-999"
"1.034658670425415","-999","-999","-999","-999"
"1.0396156311035156","-999","-999","-999","-999"
"1.044649600982666","-999","-999","-999","-999"
"1.0496437549591064","-999","-999","-999","-999"
"1.0546274185180664","-999","-999","-999","-999"
"1.0604195594787598","-999","-999","-999","-999"
"1.0646288394927979","-999","-999","-999","-999"
"1.0696046352386475","-999","-999","-999","-999"
"1.0746831893920898","-999","-999","-999","-999"
"1.0796842575073242","-999","-999","-999","-999"
"1.0846858024597168","-999","-999","-999","-999"
"1.0896143913269043","-999","-999","-999","-999"
"1.0948140621185303","-999","-999","-999","-999"
"1.0996284484863281","-999","-999","-999","-999"
"1.1046278476715088","-999","-999","-999","-999"
"1.1096351146697998","-999","-999","-999","-999"
"1.1146576404571533","-999","-999","-999","-999"
"1.1196248531341553","-999","-999","-999","-999"
"1.124640941619873","-999","-999","-999","-999"
"1.129638671875","-999","-999","-999","-999"
"1.1346604824066162","-999","-999","-999","-999"
"1.1396191120147705","-999","-999","-999","-999"
"1.1446406841278076","-999","-999","-999","-999"
"1.1496224403381348","-999","-999","-999","-999"
"1.154630184173584","-999","-999","-999","-999"
"1.1597084999084473","-999","-999","-999","-999"
"1.1646430492401123","-999","-999","-999","-999"
"1.1696255207061768","-999","-999","-999","-999"
"1.1746280193328857","-999","-999","-999","-999"
"1.1796233654022217","-999","-999","-999","-999"
"1.184633493423462","-999","-999","-999","-999"
"1.1896076202392578","-999","-999","-999","-999"
"1.1946353912353516","-999","-999","-999","-999"
"1.1996245384216309","-999","-999","-999","-999"
"1.2046241760253906","-999","-999","-999","-999"
"1.2099289894104004","-999","-999","-999","-999"
"1.2146399021148682","-999","-999","-999","-999"
"1.2196407318115234","-999","-999","-999","-999"
"1.2246506214141846","-999","-999","-999","-999"
"1.2296464443206787","-999","-999","-999","-999"
"1.2346374988555908","-999","-999","-999","-999"
"1.2396211624145508","-999","-999","-999","-999"
"1.2446367740631104","-999","-999","-999","-999"
"1.2496178150177002","-999","-999","-999","-999"
"1.2546255588531494","-999","-999","-999","-999"
"1.2596485614776611","-999","-999","-999","-999"
"1.264646053314209","-999","-999","-999","-999"
"1.2696094512939453","-999","-999","-999","-999"
"1.2746446132659912","-999","-999","-999","-999"
"1.2796311378479004","-999","-999","-999","-999"
"1.2846369743347168","-999","-999","-999","-999"
"1.2897045612335205","-999","-999","-999","-999"
"1.2946391105651855","-999","-999","-999","-999"
"1.2996673583984375","-999","-999","-999","-999"
"1.3046605587005615","-999","-999","-999","-999"
"1.3096401691436768","-999","-999","-999","-999"
"1.3146538734436035","-999","-999","-999","-999"
"1.3197071552276611","-999","-999","-999","-999"
"1.3247177600860596","-999","-999","-999","-999"
"1.32965087890625","-999","-999","-999","-999"
"1.3346242904663086","-999","-999","-999","-999"
"1.3396697044372559","-999","-999","-999","-999"
"1.3446331024169922","-999","-999","-999","-999"
"1.3496613502502441","-999","-999","-999","-999"
"1.354647159576416","-999","-999","-999","-999"
"1.3596324920654297","-999","-999","-999","-999"
"1.3646435737609863","-999","-999","-999","-999"
"1.3696086406707764","-999","-999","-999","-999"
"1.3746287822723389","-999","-999","-999","-999"
"1.379657506942749","-999","-999","-999","-999"
"1.3847227096557617","-999","-999","-999","-999"
"1.389707088470459","-999","-999","-999","-999"
"1.3946235179901123","-999","-999","-999","-999"
"1.399613857269287","-999","-999","-999","-999"
"1.4046525955200195","-999","-999","-999","-999"
"1.4096238613128662","-999","-999","-999","-999"
"1.4146738052368164","-999","-999","-999","-999"
"1.4196341037750244","-999","-999","-999","-999"
"1.4246294498443604","-999","-999","-999","-999"
"1.4296410083770752","-999","-999","-999","-999"
"1.4346253871917725","-999","-999","-999","-999"
"1.4396178722381592","-999","-999","-999","-999"
"1.4446346759796143","-999","-999","-999","-999"
"1.4496424198150635","-999","-999","-999","-999"
"1.454622745513916","-999","-999","-999","-999"
"1.4596576690673828","-999","-999","-999","-999"
"1.464667797088623","-999","-999","-999","-999"
"1.4696345329284668","-999","-999","-999","-999"
"1.474602460861206","-999","-999","-999","-999"
"1.479640245437622","-999","-999","-999","-999"
"1.484616756439209","-999","-999","-999","-999"
"1.4896252155303955","-999","-999","-999","-999"
"1.4946246147155762","-999","-999","-999","-999"
"1.4996685981750488","-999","-999","-999","-999"
"1.5046637058258057","-999","-999","-999","-999"
"1.5096402168273926","-999","-999","-999","-999"
"1.5146832466125488","-999","-999","-999","-999"
"1.519623041152954","-999","-999","-999","-999"
"1.524625301361084","-999","-999","-999","-999"
"1.529656171798706","-999","-999","-999","-999"
"1.5346322059631348","-999","-999","-999","-999"
"1.5396239757537842","-999","-999","-999","-999"
"1.544642448425293","-999","-999","-999","-999"
"1.5496983528137207","-999","-999","-999","-999"
"1.5546672344207764","-999","-999","-999","-999"
"1.559617042541504","-999","-999","-999","-999"
"1.5646135807037354","-999","-999","-999","-999"
"1.569608449935913","-999","-999","-999","-999"
"1.574625015258789","-999","-999","-999","-999"
"1.5796523094177246","-999","-999","-999","-999"
"1.5846366882324219","-999","-999","-999","-999"
"1.5896689891815186","-999","-999","-999","-999"
"1.5946366786956787","-999","-999","-999","-999"
"1.5996265411376953","-999","-999","-999","-999"
"1.6046340465545654","-999","-999","-999","-999"
"1.609628677368164","-999","-999","-999","-999"
"1.6146838665008545","-999","-999","-999","-999"
"1.6196417808532715","-999","-999","-999","-999"
"1.6246256828308105","-999","-999","-999","-999"
"1.6296906471252441","-999","-999","-999","-999"
"1.6346287727355957","-999","-999","-999","-999"
"1.639786958694458","-999","-999","-999","-999"
"1.6446826457977295","-999","-999","-999","-999"
"1.6496267318725586","-999","-999","-999","-999"
"1.6546168327331543","-999","-999","-999","-999"
"1.660492181777954","-999","-999","-999","-999"
"1.6650784015655518","-999","-999","-999","-999"
"1.6696112155914307","-999","-999","-999","-999"
"1.674621343612671","-999","-999","-999","-999"
"1.6796557903289795","-999","-999","-999","-999"
"1.6846263408660889","-999","-999","-999","-999"
"1.6896367073059082","-999","-999","-999","-999"
"1.694702386856079","-999","-999","-999","-999"
"1.6996617317199707","-999","-999","-999","-999"
"1.7046279907226562","-999","-999","-999","-999"
"1.7096776962280273","-999","-999","-999","-999"
"1.7151587009429932","-999","-999","-999","-999"
"1.7196264266967773","-999","-999","-999","-999"
"1.7246415615081787","-999","-999","-999","-999"
"1.7296442985534668","-999","-999","-999","-999"
"1.7346203327178955","-999","-999","-999","-999"
"1.739626169204712","-999","-999","-999","-999"
"1.744741678237915","-999","-999","-999","-999"
"1.7496330738067627","-999","-999","-999","-999"
"1.7546184062957764","-999","-999","-999","-999"
"1.7596328258514404","-999","-999","-999","-999"
"1.7646870613098145","-999","-999","-999","-999"
"1.7696177959442139","-999","-999","-999","-999"
"1.7746431827545166","-999","-999","-999","-999"
"1.779667854309082","-999","-999","-999","-999"
"1.7846252918243408","-999","-999","-999","-999"
"1.7896244525909424","-999","-999","-999","-999"
"1.79478120803833","-999","-999","-999","-999"
"1.7996292114257812","-999","-999","-999","-999"
"1.804621934890747","-999","-999","-999","-999"
"1.8096818923950195","-999","-999","-999","-999"
"1.81463623046875","-999","-999","-999","-999"
"1.8196477890014648","-999","-999","-999","-999"
"1.8246495723724365","-999","-999","-999","-999"
"1.8296308517456055","-999","-999","-999","-999"
"1.8346357345581055","-999","-999","-999","-999"
"1.8396461009979248","-999","-999","-999","-999"
"1.8447284698486328","-999","-999","-999","-999"
"1.8496222496032715","-999","-999","-999","-999"
"1.854612112045288","-999","-999","-999","-999"
"1.8597946166992188","-999","-999","-999","-999"
"1.864623785018921","-999","-999","-999","-999"
"1.8696162700653076","-999","-999","-999","-999"
"1.874636173248291","-999","-999","-999","-999"
"1.8796274662017822","-999","-999","-999","-999"
"1.8846652507781982","-999","-999","-999","-999"
"1.889620065689087","-999","-999","-999","-999"
"1.8946177959442139","-999","-999","-999","-999"
"1.9002935886383057","-999","-999","-999","-999"
"1.9046342372894287","-999","-999","-999","-999"
"1.9097378253936768","-999","-999","-999","-999"
"1.914630651473999","-999","-999","-999","-999"
"1.919607400894165","-999","-999","-999","-999"
"1.9246258735656738","-999","-999","-999","-999"
"1.929621934890747","-999","-999","-999","-999"
"1.9346792697906494","-999","-999","-999","-999"
"1.9399828910827637","-999","-999","-999","-999"
"1.9446535110473633","-999","-999","-999","-999"
"1.9496326446533203","-999","-999","-999","-999"
"1.9546153545379639","-999","-999","-999","-999"
"1.9596400260925293","-999","-999","-999","-999"
"1.9646451473236084","-999","-999","-999","-999"
"1.9696271419525146","-999","-999","-999","-999"
"1.974635362625122","-999","-999","-999","-999"
"1.9802842140197754","-999","-999","-999","-999"
"1.9846172332763672","-999","-999","-999","-999"
"1.9896230697631836","-999","-999","-999","-999"
"1.9946556091308594","-999","-999","-999","-999"
"1.9996283054351807","-999","-999","-999","-999"
"2.0046207904815674","-999","-999","-999","-999"
"2.00972843170166","-999","-999","-999","-999"
"2.0146188735961914","-999","-999","-999","-999"
"2.020095109939575","-999","-999","-999","-999"
"2.0246381759643555","-999","-999","-999","-999"
"2.029648542404175","-999","-999","-999","-999"
"2.0346224308013916","-999","-999","-999","-999"
"2.0396318435668945","-999","-999","-999","-999"
"2.0447065830230713","-999","-999","-999","-999"
"2.0496203899383545","-999","-999","-999","-999"
"2.0546531677246094","-999","-999","-999","-999"
"2.059699058532715","-999","-999","-999","-999"
"2.0646233558654785","-999","-999","-999","-999"
"2.0696141719818115","-999","-999","-999","-999"
"2.0746352672576904","-999","-999","-999","-999"
"2.0796356201171875","-999","-999","-999","-999"
"2.0846238136291504","-999","-999","-999","-999"
"2.0896360874176025","-999","-999","-999","-999"
"2.094677209854126","-999","-999","-999","-999"
"2.099656581878662","-999","-999","-999","-999"
"2.104623317718506","-999","-999","-999","-999"
"2.1096434593200684","-999","-999","-999","-999"
"2.114675283432007","-999","-999","-999","-999"
"2.119628429412842","-999","-999","-999","-999"
"2.1246390342712402","-999","-999","-999","-999"
"2.1296474933624268","-999","-999","-999","-999"
"2.1346402168273926","-999","-999","-999","-999"
"2.1396398544311523","-999","-999","-999","-999"
"2.144684314727783","-999","-999","-999","-999"
"2.1496317386627197","-999","-999","-999","-999"
"2.1546785831451416","-999","-999","-999","-999"
"2.1598470211029053","-999","-999","-999","-999"
"2.164651393890381","-999","-999","-999","-999"
"2.169616222381592","-999","-999","-999","-999"
"2.1746230125427246","-999","-999","-999","-999"
"2.18051815032959","-999","-999","-999","-999"
"2.1846470832824707","-999","-999","-999","-999"
"2.1896750926971436","-999","-999","-999","-999"
"2.194777488708496","-999","-999","-999","-999"
"2.1996443271636963","-999","-999","-999","-999"
"2.204617977142334","-999","-999","-999","-999"
"2.209641456604004","-999","-999","-999","-999"
"2.2147397994995117","-999","-999","-999","-999"
"2.220501184463501","-999","-999","-999","-999"
"2.224660634994507","-999","-999","-999","-999"
"2.2296502590179443","-999","-999","-999","-999"
"2.234632968902588","-999","-999","-999","-999"
"2.239643096923828","-999","-999","-999","-999"
"2.244736433029175","-999","-999","-999","-999"
"2.249638319015503","-999","-999","-999","-999"
"2.2546164989471436","-999","-999","-999","-999"
"2.2596616744995117","-999","-999","-999","-999"
"2.2646565437316895","-999","-999","-999","-999"
"2.2696800231933594","-999","-999","-999","-999"
"2.2747771739959717","-999","-999","-999","-999"
"2.2797796726226807","-999","-999","-999","-999"
"2.2846360206604004","-999","-999","-999","-999"
"2.289689779281616","-999","-999","-999","-999"
"2.2947113513946533","-999","-999","-999","-999"
"2.2997217178344727","-999","-999","-999","-999"
"2.3046553134918213","-999","-999","-999","-999"
"2.3097000122070312","-999","-999","-999","-999"
"2.3147659301757812","-999","-999","-999","-999"
"2.3196473121643066","-999","-999","-999","-999"
"2.324666738510132","-999","-999","-999","-999"
"2.3297970294952393","-999","-999","-999","-999"
"2.334674835205078","-999","-999","-999","-999"
"2.3398892879486084","-999","-999","-999","-999"
"2.3457460403442383","-999","-999","-999","-999"
"2.3497562408447266","-999","-999","-999","-999"
"2.354680299758911","-999","-999","-999","-999"
"2.359650135040283","-999","-999","-999","-999"
"2.3647842407226562","-999","-999","-999","-999"
"2.3696582317352295","-999","-999","-999","-999"
"2.3747103214263916","-999","-999","-999","-999"
"2.379739284515381","-999","-999","-999","-999"
"2.3849809169769287","-999","-999","-999","-999"
"2.3898866176605225","-999","-999","-999","-999"
"2.3946759700775146","-999","-999","-999","-999"
"2.399803876876831","-999","-999","-999","-999"
"2.4046342372894287","-999","-999","-999","-999"
"2.409667730331421","-999","-999","-999","-999"
"2.41475772857666","-999","-999","-999","-999"
"2.419672966003418","-999","-999","-999","-999"
"2.4247117042541504","-999","-999","-999","-999"
"2.4297821521759033","-999","-999","-999","-999"
"2.4346773624420166","-999","-999","-999","-999"
"2.4398772716522217","-999","-999","-999","-999"
"2.445283889770508","-999","-999","-999","-999"
"2.4498848915100098","-999","-999","-999","-999"
"2.4546382427215576","-999","-999","-999","-999"
"2.459678888320923","-999","-999","-999","-999"
"2.46480393409729","-999","-999","-999","-999"
"2.4697256088256836","-999","-999","-999","-999"
"2.4748177528381348","-999","-999","-999","-999"
"2.4796671867370605","-999","-999","-999","-999"
"2.4847443103790283","-999","-999","-999","-999"
"2.4897384643554688","-999","-999","-999","-999"
"2.4947733879089355","-999","-999","-999","-999"
"2.5001258850097656","-999","-999","-999","-999"
"2.5046703815460205","-999","-999","-999","-999"
"2.5096583366394043","-999","-999","-999","-999"
"2.514780044555664","-999","-999","-999","-999"
"2.519653797149658","-999","-999","-999","-999"
"2.5246787071228027","-999","-999","-999","-999"
"2.529688596725464","-999","-999","-999","-999"
"2.5347087383270264","-999","-999","-999","-999"
"2.5397424697875977","-999","-999","-999","-999"
"2.5446267127990723","-999","-999","-999","-999"
"2.5496280193328857","-999","-999","-999","-999"
"2.5549774169921875","-999","-999","-999","-999"
"2.5596635341644287","-999","-999","-999","-999"
"2.5648081302642822","-999","-999","-999","-999"
"2.5696675777435303","-999","-999","-999","-999"
"2.5746519565582275","-999","-999","-999","-999"
"2.5797476768493652","-999","-999","-999","-999"
"2.5846714973449707","-999","-999","-999","-999"
"2.5896780490875244","-999","-999","-999","-999"
"2.5946686267852783","-999","-999","-999","-999"
"2.5997414588928223","-999","-999","-999","-999"
"2.604640245437622","-999","-999","-999","-999"
"2.6096577644348145","-999","-999","-999","-999"
"2.614745855331421","-999","-999","-999","-999"
"2.6196906566619873","-999","-999","-999","-999"
"2.624711513519287","-999","-999","-999","-999"
"2.629739999771118","-999","-999","-999","-999"
"2.634676933288574","-999","-999","-999","-999"
"2.639845371246338","-999","-999","-999","-999"
"2.6446831226348877","-999","-999","-999","-999"
"2.6497998237609863","-999","-999","-999","-999"
"2.6546475887298584","-999","-999","-999","-999"
"2.6597325801849365","-999","-999","-999","-999"
"2.665278434753418","-999","-999","-999","-999"
"2.6696362495422363","-999","-999","-999","-999"
"2.674651861190796","-999","-999","-999","-999"
"2.6796517372131348","-999","-999","-999","-999"
"2.6846370697021484","-999","-999","-999","-999"
"2.6896636486053467","-999","-999","-999","-999"
"2.6947414875030518","-999","-999","-999","-999"
"2.6997909545898438","-999","-999","-999","-999"
"2.704685688018799","-999","-999","-999","-999"
"2.7096831798553467","-999","-999","-999","-999"
"2.716360092163086","-999","-999","-999","-999"
"2.719736337661743","-999","-999","-999","-999"
"2.724684238433838","-999","-999","-999","-999"
"2.7296388149261475","-999","-999","-999","-999"
"2.734631299972534","-999","-999","-999","-999"
"2.7396411895751953","-999","-999","-999","-999"
"2.7446882724761963","-999","-999","-999","-999"
"2.74977445602417","-999","-999","-999","-999"
"2.754762649536133","-999","-999","-999","-999"
"2.7596633434295654","-999","-999","-999","-999"
"2.764634847640991","-999","-999","-999","-999"
"2.769629955291748","-999","-999","-999","-999"
"2.774644136428833","-999","-999","-999","-999"
"2.780681610107422","-999","-999","-999","-999"
"2.784637689590454","-999","-999","-999","-999"
"2.789661407470703","-999","-999","-999","-999"
"2.794644832611084","-999","-999","-999","-999"
"2.7997119426727295","-999","-999","-999","-999"
"2.804659605026245","-999","-999","-999","-999"
"2.809636354446411","-999","-999","-999","-999"
"2.815685272216797","-999","-999","-999","-999"
"2.8207638263702393","-999","-999","-999","-999"
"2.824662446975708","-999","-999","-999","-999"
"2.8296475410461426","-999","-999","-999","-999"
"2.8346526622772217","-999","-999","-999","-999"
"2.839648485183716","-999","-999","-999","-999"
"2.844646453857422","-999","-999","-999","-999"
"2.849766492843628","-999","-999","-999","-999"
"2.8546438217163086","-999","-999","-999","-999"
"2.8602354526519775","-999","-999","-999","-999"
"2.8646392822265625","-999","-999","-999","-999"
"2.8696951866149902","-999","-999","-999","-999"
"2.874635934829712","-999","-999","-999","-999"
"2.8796308040618896","-999","-999","-999","-999"
"2.884636640548706","-999","-999","-999","-999"
"2.8896331787109375","-999","-999","-999","-999"
"2.8947296142578125","-999","-999","-999","-999"
"2.899740219116211","-999","-999","-999","-999"
"2.9046390056610107","-999","-999","-999","-999"
"2.9096357822418213","-999","-999","-999","-999"
"2.9147698879241943","-999","-999","-999","-999"
"2.9196276664733887","-999","-999","-999","-999"
"2.9246528148651123","-999","-999","-999","-999"
"2.929732084274292","-999","-999","-999","-999"
"2.9346368312835693","-999","-999","-999","-999"
"2.9408915042877197","-999","-999","-999","-999"
"2.9446308612823486","-999","-999","-999","-999"
"2.9496560096740723","-999","-999","-999","-999"
"2.9546310901641846","-999","-999","-999","-999"
"2.959982395172119","-999","-999","-999","-999"
"2.964723587036133","-999","-999","-999","-999"
"2.9696359634399414","-999","-999","-999","-999"
"2.974626302719116","-999","-999","-999","-999"
"2.9796526432037354","-999","-999","-999","-999"
"2.9846272468566895","-999","-999","-999","-999"
"2.989643096923828","-999","-999","-999","-999"
"2.9948270320892334","-999","-999","-999","-999"
"2.999624490737915","-999","-999","-999","-999"
"3.0047483444213867","-999","-999","-999","-999"
"3.0097591876983643","-999","-999","-999","-999"
"3.014644145965576","-999","-999","-999","-999"
"3.023660182952881","-999","-999","-999","-999"
"3.0249221324920654","-999","-999","-999","-999"
"3.0297179222106934","-999","-999","-999","-999"
"3.0346460342407227","-999","-999","-999","-999"
"3.039644241333008","-999","-999","-999","-999"
"3.044703483581543","-999","-999","-999","-999"
"3.0496811866760254","-999","-999","-999","-999"
"3.054631471633911","-999","-999","-999","-999"
"3.0605242252349854","-999","-999","-999","-999"
"3.0646493434906006","-999","-999","-999","-999"
"3.0696358680725098","-999","-999","-999","-999"
"3.074659585952759","-999","-999","-999","-999"
"3.0796475410461426","-999","-999","-999","-999"
"3.084775447845459","-999","-999","-999","-999"
"3.0896549224853516","-999","-999","-999","-999"
"3.094667673110962","-999","-999","-999","-999"
"3.0996317863464355","-999","-999","-999","-999"
"3.1046483516693115","-999","-999","-999","-999"
"3.109649181365967","-999","-999","-999","-999"
"3.114818572998047","-999","-999","-999","-999"
"3.119779586791992","-999","-999","-999","-999"
"3.124647378921509","-999","-999","-999","-999"
"3.13039231300354","-999","-999","-999","-999"
"3.1346330642700195","-999","-999","-999","-999"
"3.140714645385742","-999","-999","-999","-999"
"3.1446266174316406","-999","-999","-999","-999"
"3.149838447570801","-999","-999","-999","-999"
"3.154651165008545","-999","-999","-999","-999"
"3.15964674949646","-999","-999","-999","-999"
"3.1646342277526855","-999","-999","-999","-999"
"3.169630765914917","-999","-999","-999","-999"
"3.1746559143066406","-999","-999","-999","-999"
"3.179865837097168","-999","-999","-999","-999"
"3.186832904815674","-999","-999","-999","-999"
"3.1896414756774902","-999","-999","-999","-999"
"3.1947360038757324","-999","-999","-999","-999"
"3.199662685394287","-999","-999","-999","-999"
"3.204650640487671","-999","-999","-999","-999"
"3.2102763652801514","-999","-999","-999","-999"
"3.214838981628418","-999","-999","-999","-999"
"3.220731019973755","-999","-999","-999","-999"
"3.2246391773223877","-999","-999","-999","-999"
"3.2297606468200684","-999","-999","-999","-999"
"3.23465633392334","-999","-999","-999","-999"
"3.2396559715270996","-999","-999","-999","-999"
"3.2450428009033203","-999","-999","-999","-999"
"3.2496657371520996","-999","-999","-999","-999"
"3.254643440246582","-999","-999","-999","-999"
"3.2596473693847656","-999","-999","-999","-999"
"3.2650198936462402","-999","-999","-999","-999"
"3.269622802734375","-999","-999","-999","-999"
"3.2746856212615967","-999","-999","-999","-999"
"3.279754877090454","-999","-999","-999","-999"
"3.284640312194824","-999","-999","-999","-999"
"3.289642095565796","-999","-999","-999","-999"
"3.2947635650634766","-999","-999","-999","-999"
"3.2996463775634766","-999","-999","-999","-999"
"3.304703712463379","-999","-999","-999","-999"
"3.3096463680267334","-999","-999","-999","-999"
"3.3146653175354004","-999","-999","-999","-999"
"3.32008695602417","-999","-999","-999","-999"
"3.3246421813964844","-999","-999","-999","-999"
"3.3297200202941895","-999","-999","-999","-999"
"3.334681987762451","-999","-999","-999","-999"
"3.3396873474121094","-999","-999","-999","-999"
"3.344738245010376","-999","-999","-999","-999"
"3.3496289253234863","-999","-999","-999","-999"
"3.3546249866485596","-999","-999","-999","-999"
"3.359692335128784","-999","-999","-999","-999"
"3.3646764755249023","-999","-999","-999","-999"
"3.3696279525756836","-999","-999","-999","-999"
"3.374643564224243","-999","-999","-999","-999"
"3.3798184394836426","-999","-999","-999","-999"
"3.3846428394317627","-999","-999","-999","-999"
"3.389647960662842","-999","-999","-999","-999"
"3.394745349884033","-999","-999","-999","-999"
"3.399650812149048","-999","-999","-999","-999"
"3.4046237468719482","-999","-999","-999","-999"
"3.409730911254883","-999","-999","-999","-999"
"3.4162535667419434","-999","-999","-999","-999"
"3.4196603298187256","-999","-999","-999","-999"
"3.426149606704712","-999","-999","-999","-999"
"3.42965030670166","-999","-999","-999","-999"
"3.4346275329589844","-999","-999","-999","-999"
"3.439661979675293","-999","-999","-999","-999"
"3.444728374481201","-999","-999","-999","-999"
"3.4496514797210693","-999","-999","-999","-999"
"3.454652786254883","-999","-999","-999","-999"
"3.459763288497925","-999","-999","-999","-999"
"3.4647016525268555","-999","-999","-999","-999"
"3.469625234603882","-999","-999","-999","-999"
"3.4746458530426025","-999","-999","-999","-999"
"3.479647159576416","-999","-999","-999","-999"
"3.484656810760498","-999","-999","-999","-999"
"3.4896318912506104","-999","-999","-999","-999"
"3.4947760105133057","-999","-999","-999","-999"
"3.5022292137145996","-999","-999","-999","-999"
"3.5051276683807373","-999","-999","-999","-999"
"3.5097897052764893","-999","-999","-999","-999"
"3.5146431922912598","-999","-999","-999","-999"
"3.5196211338043213","-999","-999","-999","-999"
"3.524672746658325","-999","-999","-999","-999"
"3.5297203063964844","-999","-999","-999","-999"
"3.5346262454986572","-999","-999","-999","-999"
"3.5396552085876465","-999","-999","-999","-999"
"3.5446436405181885","-999","-999","-999","-999"
"3.549633741378784","-999","-999","-999","-999"
"3.554630756378174","-999","-999","-999","-999"
"3.5596981048583984","-999","-999","-999","-999"
"3.5646302700042725","-999","-999","-999","-999"
"3.569631338119507","-999","-999","-999","-999"
"3.5746376514434814","-999","-999","-999","-999"
"3.579725503921509","-999","-999","-999","-999"
"3.5846352577209473","-999","-999","-999","-999"
"3.5896596908569336","-999","-999","-999","-999"
"3.5947461128234863","-999","-999","-999","-999"
"3.599630355834961","-999","-999","-999","-999"
"3.604682207107544","-999","-999","-999","-999"
"3.6096925735473633","-999","-999","-999","-999"
"3.6146469116210938","-999","-999","-999","-999"
"3.6196184158325195","-999","-999","-999","-999"
"3.6246652603149414","-999","-999","-999","-999"
"3.6297881603240967","-999","-999","-999","-999"
"3.6346518993377686","-999","-999","-999","-999"
"3.6396358013153076","-999","-999","-999","-999"
"3.6447813510894775","-999","-999","-999","-999"
"3.6499040126800537","-999","-999","-999","-999"
"3.654625415802002","-999","-999","-999","-999"
"3.6617491245269775","-999","-999","-999","-999"
"3.6646056175231934","-999","-999","-999","-999"
"3.6696560382843018","-999","-999","-999","-999"
"3.6746456623077393","-999","-999","-999","-999"
"3.6796514987945557","-999","-999","-999","-999"
"3.684638500213623","-999","-999","-999","-999"
"3.6896486282348633","-999","-999","-999","-999"
"3.694775342941284","-999","-999","-999","-999"
"3.699653387069702","-999","-999","-999","-999"
"3.704624652862549","-999","-999","-999","-999"
"3.709760904312134","-999","-999","-999","-999"
"3.714655637741089","-999","-999","-999","-999"
"3.720602512359619","-999","-999","-999","-999"
"3.724668264389038","-999","-999","-999","-999"
"3.7297911643981934","-999","-999","-999","-999"
"3.734644651412964","-999","-999","-999","-999"
"3.7406649589538574","-999","-999","-999","-999"
"3.744748592376709","-999","-999","-999","-999"
"3.7496557235717773","-999","-999","-999","-999"
"3.7546231746673584","-999","-999","-999","-999"
"3.759730815887451","-999","-999","-999","-999"
"3.76462984085083","-999","-999","-999","-999"
"3.769624710083008","-999","-999","-999","-999"
"3.7746641635894775","-999","-999","-999","-999"
"3.7797327041625977","-999","-999","-999","-999"
"3.784640312194824","-999","-999","-999","-999"
"3.7896625995635986","-999","-999","-999","-999"
"3.7947380542755127","-999","-999","-999","-999"
"3.79964280128479","-999","-999","-999","-999"
"3.8046483993530273","-999","-999","-999","-999"
"3.809769868850708","-999","-999","-999","-999"
"3.8146183490753174","-999","-999","-999","-999"
"3.819654703140259","-999","-999","-999","-999"
"3.8246662616729736","-999","-999","-999","-999"
"3.8300328254699707","-999","-999","-999","-999"
"3.8346662521362305","-999","-999","-999","-999"
"3.839651107788086","-999","-999","-999","-999"
"3.844728708267212","-999","-999","-999","-999"
"3.849661111831665","-999","-999","-999","-999"
"3.8546347618103027","-999","-999","-999","-999"
"3.8596479892730713","-999","-999","-999","-999"
"3.8646621704101562","-999","-999","-999","-999"
"3.869621753692627","-999","-999","-999","-999"
"3.874669313430786","-999","-999","-999","-999"
"3.8799099922180176","-999","-999","-999","-999"
"3.884643077850342","-999","-999","-999","-999"
"3.8896372318267822","-999","-999","-999","-999"
"3.8947079181671143","-999","-999","-999","-999"
"3.8996548652648926","-999","-999","-999","-999"
"3.904660701751709","-999","-999","-999","-999"
"3.9109089374542236","-999","-999","-999","-999"
"3.9146549701690674","-999","-999","-999","-999"
"3.9196221828460693","-999","-999","-999","-999"
"3.924656867980957","-999","-999","-999","-999"
"3.9297127723693848","-999","-999","-999","-999"
"3.934680223464966","-999","-999","-999","-999"
"3.9396800994873047","-999","-999","-999","-999"
"3.9447643756866455","-999","-999","-999","-999"
"3.949617862701416","-999","-999","-999","-999"
"3.954650640487671","-999","-999","-999","-999"
"3.9596691131591797","-999","-999","-999","-999"
"3.964670181274414","-999","-999","-999","-999"
"3.969611406326294","-999","-999","-999","-999"
"3.974656105041504","-999","-999","-999","-999"
"3.979776620864868","-999","-999","-999","-999"
"3.9846839904785156","-999","-999","-999","-999"
"3.9896421432495117","-999","-999","-999","-999"
"3.9946999549865723","-999","-999","-999","-999"
"3.9996495246887207","-999","-999","-999","-999"
"4.004651784896851","-999","-999","-999","-999"
"4.009720087051392","-999","-999","-999","-999"
"4.01464581489563","-999","-999","-999","-999"
"4.019635200500488","-999","-999","-999","-999"
"4.024656534194946","-999","-999","-999","-999"
"4.029746055603027","-999","-999","-999","-999"
"4.034639596939087","-999","-999","-999","-999"
"4.0396528244018555","-999","-999","-999","-999"
"4.044749021530151","-999","-999","-999","-999"
"4.049643278121948","-999","-999","-999","-999"
"4.054646015167236","-999","-999","-999","-999"
"4.0596911907196045","-999","-999","-999","-999"
"4.0646703243255615","-999","-999","-999","-999"
"4.069647312164307","-999","-999","-999","-999"
"4.07465934753418","-999","-999","-999","-999"
"4.079686641693115","-999","-999","-999","-999"
"4.08463716506958","-999","-999","-999","-999"
"4.089649200439453","-999","-999","-999","-999"
"4.094741106033325","-999","-999","-999","-999"
"4.099634647369385","-999","-999","-999","-999"
"4.10465669631958","-999","-999","-999","-999"
"4.109694004058838","-999","-999","-999","-999"
"4.114663600921631","-999","-999","-999","-999"
"4.1196160316467285","-999","-999","-999","-999"
"4.124651193618774","-999","-999","-999","-999"
"4.129784822463989","-999","-999","-999","-999"
"4.1346235275268555","-999","-999","-999","-999"
"4.139622688293457","-999","-999","-999","-999"
"4.144663095474243","-999","-999","-999","-999"
"4.149651050567627","-999","-999","-999","-999"
"4.154656648635864","-999","-999","-999","-999"
"4.159683704376221","-999","-999","-999","-999"
"4.1646504402160645","-999","-999","-999","-999"
"4.169636249542236","-999","-999","-999","-999"
"4.174637794494629","-999","-999","-999","-999"
"4.179751396179199","-999","-999","-999","-999"
"4.184651136398315","-999","-999","-999","-999"
"4.189671993255615","-999","-999","-999","-999"
"4.194652318954468","-999","-999","-999","-999"
"4.199709415435791","-999","-999","-999","-999"
"4.20466423034668","-999","-999","-999","-999"
"4.209760427474976","-999","-999","-999","-999"
"4.214675188064575","-999","-999","-999","-999"
"4.2196385860443115","-999","-999","-999","-999"
"4.224655628204346","-999","-999","-999","-999"
"4.22969651222229","-999","-999","-999","-999"
"4.23466944694519","-999","-999","-999","-999"
"4.239633560180664","-999","-999","-999","-999"
"4.24477744102478","-999","-999","-999","-999"
"4.249647617340088","-999","-999","-999","-999"
"4.25465202331543","-999","-999","-999","-999"
"4.259801864624023","-999","-999","-999","-999"
"4.26464056968689","-999","-999","-999","-999"
"4.269636392593384","-999","-999","-999","-999"
"4.274672746658325","-999","-999","-999","-999"
"4.279721975326538","-999","-999","-999","-999"
"4.284626483917236","-999","-999","-999","-999"
"4.289658546447754","-999","-999","-999","-999"
"4.294759511947632","-999","-999","-999","-999"
"4.299670696258545","-999","-999","-999","-999"
"4.304669380187988","-999","-999","-999","-999"
"4.30966591835022","-999","-999","-999","-999"
"4.3146445751190186","-999","-999","-999","-999"
"4.319622039794922","-999","-999","-999","-999"
"4.324664354324341","-999","-999","-999","-999"
"4.329657316207886","-999","-999","-999","-999"
"4.334629535675049","-999","-999","-999","-999"
"4.339737892150879","-999","-999","-999","-999"
"4.34470009803772","-999","-999","-999","-999"
"4.349627494812012","-999","-999","-999","-999"
"4.354673862457275","-999","-999","-999","-999"
"4.359743595123291","-999","-999","-999","-999"
"4.36466646194458","-999","-999","-999","-999"
"4.369625091552734","-999","-999","-999","-999"
"4.374668121337891","-999","-999","-999","-999"
"4.379750967025757","-999","-999","-999","-999"
"4.384668350219727","-999","-999","-999","-999"
"4.389652252197266","-999","-999","-999","-999"
"4.394752264022827","-999","-999","-999","-999"
"4.399641036987305","-999","-999","-999","-999"
"4.40469765663147","-999","-999","-999","-999"
"4.409714221954346","-999","-999","-999","-999"
"4.4146363735198975","-999","-999","-999","-999"
"4.419644594192505","-999","-999","-999","-999"
"4.424677610397339","-999","-999","-999","-999"
"4.429741144180298","-999","-999","-999","-999"
"4.434640645980835","-999","-999","-999","-999"
"4.439648866653442","-999","-999","-999","-999"
"4.4468159675598145","-999","-999","-999","-999"
"4.449622392654419","-999","-999","-999","-999"
"4.454629898071289","-999","-999","-999","-999"
"4.459807634353638","-999","-999","-999","-999"
"4.464654445648193","-999","-999","-999","-999"
"4.470373630523682","-999","-999","-999","-999"
"4.474818229675293","-999","-999","-999","-999"
"4.479687452316284","-999","-999","-999","-999"
"4.484624147415161","-999","-999","-999","-999"
"4.4896345138549805","-999","-999","-999","-999"
"4.494946718215942","-999","-999","-999","-999"
"4.502484560012817","-999","-999","-999","-999"
"4.504626274108887","-999","-999","-999","-999"
"4.509742259979248","-999","-999","-999","-999"
"4.514650344848633","-999","-999","-999","-999"
"4.519620180130005","-999","-999","-999","-999"
"4.524656295776367","-999","-999","-999","-999"
"4.529706239700317","-999","-999","-999","-999"
"4.5346479415893555","-999","-999","-999","-999"
"4.54096245765686","-999","-999","-999","-999"
"4.54470419883728","-999","-999","-999","-999"
"4.5496437549591064","-999","-999","-999","-999"
"4.5546605587005615","-999","-999","-999","-999"
"4.5597052574157715","-999","-999","-999","-999"
"4.564629077911377","-999","-999","-999","-999"
"4.569619417190552","-999","-999","-999","-999"
"4.574666261672974","-999","-999","-999","-999"
"4.5796425342559814","-999","-999","-999","-999"
"4.584637403488159","-999","-999","-999","-999"
"4.5896828174591064","-999","-999","-999","-999"
"4.594658613204956","-999","-999","-999","-999"
"4.599632263183594","-999","-999","-999","-999"
"4.604633092880249","-999","-999","-999","-999"
"4.609647274017334","-999","-999","-999","-999"
"4.614675045013428","-999","-999","-999","-999"
"4.619642496109009","-999","-999","-999","-999"
"4.624853134155273","-999","-999","-999","-999"
"4.629683494567871","-999","-999","-999","-999"
"4.634627819061279","-999","-999","-999","-999"
"4.639634370803833","-999","-999","-999","-999"
"4.644771099090576","-999","-999","-999","-999"
"4.649641752243042","-999","-999","-999","-999"
"4.654664993286133","-999","-999","-999","-999"
"4.659814119338989","-999","-999","-999","-999"
"4.664642572402954","-999","-999","-999","-999"
"4.669623136520386","-999","-999","-999","-999"
"4.674643278121948","-999","-999","-999","-999"
"4.679719686508179","-999","-999","-999","-999"
"4.684638738632202","-999","-999","-999","-999"
"4.689666271209717","-999","-999","-999","-999"
"4.6948628425598145","-999","-999","-999","-999"
"4.7007224559783936","-999","-999","-999","-999"
"4.704635143280029","-999","-999","-999","-999"
"4.709825277328491","-999","-999","-999","-999"
"4.714643239974976","-999","-999","-999","-999"
"4.719640016555786","-999","-999","-999","-999"
"4.724684000015259","-999","-999","-999","-999"
"4.729639291763306","-999","-999","-999","-999"
"4.73462986946106","-999","-999","-999","-999"
"4.7396697998046875","-999","-999","-999","-999"
"4.7447826862335205","-999","-999","-999","-999"
"4.749634265899658","-999","-999","-999","-999"
"4.754642486572266","-999","-999","-999","-999"
"4.759757041931152","-999","-999","-999","-999"
"4.764625549316406","-999","-999","-999","-999"
"4.769885540008545","-999","-999","-999","-999"
"4.774696350097656","-999","-999","-999","-999"
"4.779649257659912","-999","-999","-999","-999"
"4.784640789031982","-999","-999","-999","-999"
"4.7896952629089355","-999","-999","-999","-999"
"4.794678211212158","-999","-999","-999","-999"
"4.799630165100098","-999","-999","-999","-999"
"4.804654121398926","-999","-999","-999","-999"
"4.809706687927246","-999","-999","-999","-999"
"4.814635753631592","-999","-999","-999","-999"
"4.821904897689819","-999","-999","-999","-999"
"4.824665784835815","-999","-999","-999","-999"
"4.829737186431885","-999","-999","-999","-999"
"4.834644079208374","-999","-999","-999","-999"
"4.839661359786987","-999","-999","-999","-999"
"4.844660758972168","-999","-999","-999","-999"
"4.849637031555176","-999","-999","-999","-999"
"4.854644060134888","-999","-999","-999","-999"
"4.859724760055542","-999","-999","-999","-999"
"4.864653587341309","-999","-999","-999","-999"
"4.869643449783325","-999","-999","-999","-999"
"4.874634265899658","-999","-999","-999","-999"
"4.879654407501221","-999","-999","-999","-999"
"4.8846330642700195","-999","-999","-999","-999"
"4.889642238616943","-999","-999","-999","-999"
"4.894763469696045","-999","-999","-999","-999"
"4.89958119392395","-999","-999","-999","-999"
"4.904664754867554","-999","-999","-999","-999"
"4.909698486328125","-999","-999","-999","-999"
"4.9146339893341064","-999","-999","-999","-999"
"4.919618129730225","-999","-999","-999","-999"
"4.924676895141602","-999","-999","-999","-999"
"4.929632663726807","-999","-999","-999","-999"
"4.934628963470459","-999","-999","-999","-999"
"4.942209243774414","-999","-999","-999","-999"
"4.945642948150635","-999","-999","-999","-999"
"4.949618339538574","-999","-999","-999","-999"
"4.954655885696411","-999","-999","-999","-999"
"4.959806203842163","-999","-999","-999","-999"
"4.964643478393555","-999","-999","-999","-999"
"4.969640016555786","-999","-999","-999","-999"
"4.974698781967163","-999","-999","-999","-999"
"4.979667663574219","-999","-999","-999","-999"
"4.984655857086182","-999","-999","-999","-999"
"4.9897119998931885","-999","-999","-999","-999"
"4.994770288467407","-999","-999","-999","-999"
"4.999631881713867","-999","-999","-999","-999"
"5.0046374797821045","-999","-999","-999","-999"
"5.009841680526733","-999","-999","-999","-999"
"5.014639139175415","-999","-999","-999","-999"
"5.019651412963867","-999","-999","-999","-999"
"5.024681806564331","-999","-999","-999","-999"
"5.0296430587768555","-999","-999","-999","-999"
"5.034636735916138","-999","-999","-999","-999"
"5.03964900970459","-999","-999","-999","-999"
"5.044805526733398","-999","-999","-999","-999"
"5.049648761749268","-999","-999","-999","-999"
"5.054646730422974","-999","-999","-999","-999"
"5.05980920791626","-999","-999","-999","-999"
"5.064646482467651","-999","-999","-999","-999"
"5.069652080535889","-999","-999","-999","-999"
"5.074697971343994","-999","-999","-999","-999"
"5.079639673233032","-999","-999","-999","-999"
"5.084645748138428","-999","-999","-999","-999"
"5.0896406173706055","-999","-999","-999","-999"
"5.094738721847534","-999","-999","-999","-999"
"5.099657773971558","-999","-999","-999","-999"
"5.104644060134888","-999","-999","-999","-999"
"5.109872102737427","-999","-999","-999","-999"
"5.114625692367554","-999","-999","-999","-999"
"5.119628429412842","-999","-999","-999","-999"
"5.124665975570679","-999","-999","-999","-999"
"5.129639148712158","-999","-999","-999","-999"
"5.1345860958099365","-999","-999","-999","-999"
"5.139627456665039","-999","-999","-999","-999"
"5.1446533203125","-999","-999","-999","-999"
"5.1496288776397705","-999","-999","-999","-999"
"5.154641628265381","-999","-999","-999","-999"
"5.159673690795898","-999","-999","-999","-999"
"5.164680242538452","-999","-999","-999","-999"
"5.169626235961914","-999","-999","-999","-999"
"5.1747729778289795","-999","-999","-999","-999"
"5.179650068283081","-999","-999","-999","-999"
"5.1846840381622314","-999","-999","-999","-999"
"5.189642429351807","-999","-999","-999","-999"
"5.195081949234009","-999","-999","-999","-999"
"5.199641466140747","-999","-999","-999","-999"
"5.204670190811157","-999","-999","-999","-999"
"5.20982813835144","-999","-999","-999","-999"
"5.214626312255859","-999","-999","-999","-999"
"5.222181797027588","-999","-999","-999","-999"
"5.224701642990112","-999","-999","-999","-999"
"5.22966456413269","-999","-999","-999","-999"
"5.234634876251221","-999","-999","-999","-999"
"5.23966908454895","-999","-999","-999","-999"
"5.244657278060913","-999","-999","-999","-999"
"5.2496442794799805","-999","-999","-999","-999"
"5.254629611968994","-999","-999","-999","-999"
"5.259780406951904","-999","-999","-999","-999"
"5.2646238803863525","-999","-999","-999","-999"
"5.269642353057861","-999","-999","-999","-999"
"5.27470850944519","-999","-999","-999","-999"
"5.279659032821655","-999","-999","-999","-999"
"5.2846221923828125","-999","-999","-999","-999"
"5.289655685424805","-999","-999","-999","-999"
"5.294656753540039","-999","-999","-999","-999"
"5.299646854400635","-999","-999","-999","-999"
"5.304656744003296","-999","-999","-999","-999"
"5.309747934341431","-999","-999","-999","-999"
"5.314626216888428","-999","-999","-999","-999"
"5.31967568397522","-999","-999","-999","-999"
"5.324662685394287","-999","-999","-999","-999"
"5.329639911651611","-999","-999","-999","-999"
"5.334625959396362","-999","-999","-999","-999"
"5.339652061462402","-999","-999","-999","-999"
"5.344674825668335","-999","-999","-999","-999"
"5.349622964859009","-999","-999","-999","-999"
"5.354635953903198","-999","-999","-999","-999"
"5.359618186950684","-999","-999","-999","-999"
"5.364630699157715","-999","-999","-999","-999"
"5.369847059249878","-999","-999","-999","-999"
"5.374706268310547","-999","-999","-999","-999"
"5.379628419876099","-999","-999","-999","-999"
"5.384634494781494","-999","-999","-999","-999"
"5.389625072479248","-999","-999","-999","-999"
"5.394651889801025","-999","-999","-999","-999"
"5.399641752243042","-999","-999","-999","-999"
"5.404637336730957","-999","-999","-999","-999"
"5.409650087356567","-999","-999","-999","-999"
"5.414666414260864","-999","-999","-999","-999"
"5.41963791847229","-999","-999","-999","-999"
"5.424723386764526","-999","-999","-999","-999"
"5.429640531539917","-999","-999","-999","-999"
"5.434616804122925","-999","-999","-999","-999"
"5.439663648605347","-999","-999","-999","-999"
"5.444690227508545","-999","-999","-999","-999"
"5.449639320373535","-999","-999","-999","-999"
"5.454643964767456","-999","-999","-999","-999"
"5.459784984588623","-999","-999","-999","-999"
"5.464678764343262","-999","-999","-999","-999"
"5.469627857208252","-999","-999","-999","-999"
"5.474744558334351","-999","-999","-999","-999"
"5.47963547706604","-999","-999","-999","-999"
"5.484629392623901","-999","-999","-999","-999"
"5.489636659622192","-999","-999","-999","-999"
"5.494783163070679","-999","-999","-999","-999"
"5.499661684036255","-999","-999","-999","-999"
"5.504643678665161","-999","-999","-999","-999"
"5.509637355804443","-999","-999","-999","-999"
"5.5146379470825195","-999","-999","-999","-999"
"5.519660234451294","-999","-999","-999","-999"
"5.524625778198242","-999","-999","-999","-999"
"5.529844760894775","-999","-999","-999","-999"
"5.534731864929199","-999","-999","-999","-999"
"5.541162014007568","-999","-999","-999","-999"
"5.544639348983765","-999","-999","-999","-999"
"5.54964280128479","-999","-999","-999","-999"
"5.55481743812561","-999","-999","-999","-999"
"5.559650421142578","-999","-999","-999","-999"
"5.564665794372559","-999","-999","-999","-999"
"5.570165157318115","-999","-999","-999","-999"
"5.5746376514434814","-999","-999","-999","-999"
"5.57981538772583","-999","-999","-999","-999"
"5.585140705108643","-999","-999","-999","-999"
"5.589642286300659","-999","-999","-999","-999"
"5.594816207885742","-999","-999","-999","-999"
"5.599630832672119","-999","-999","-999","-999"
"5.604643821716309","-999","-999","-999","-999"
"5.609730005264282","-999","-999","-999","-999"
"5.614976644515991","-999","-999","-999","-999"
"5.619718790054321","-999","-999","-999","-999"
"5.624642610549927","-999","-999","-999","-999"
"5.629692077636719","-999","-999","-999","-999"
"5.63462495803833","-999","-999","-999","-999"
"5.639669179916382","-999","-999","-999","-999"
"5.644848108291626","-999","-999","-999","-999"
"5.649639368057251","-999","-999","-999","-999"
"5.65463924407959","-999","-999","-999","-999"
"5.659770250320435","-999","-999","-999","-999"
"5.665715456008911","-999","-999","-999","-999"
"5.669656753540039","-999","-999","-999","-999"
"5.674693584442139","-999","-999","-999","-999"
"5.6796393394470215","-999","-999","-999","-999"
"5.684630393981934","-999","-999","-999","-999"
"5.6896772384643555","-999","-999","-999","-999"
"5.694784164428711","-999","-999","-999","-999"
"5.700477838516235","-999","-999","-999","-999"
"5.704673528671265","-999","-999","-999","-999"
"5.709760665893555","-999","-999","-999","-999"
"5.714629650115967","-999","-999","-999","-999"
"5.719640254974365","-999","-999","-999","-999"
"5.724722862243652","-999","-999","-999","-999"
"5.729649782180786","-999","-999","-999","-999"
"5.734628200531006","-999","-999","-999","-999"
"5.740880727767944","-999","-999","-999","-999"
"5.744733572006226","-999","-999","-999","-999"
"5.74965500831604","-999","-999","-999","-999"
"5.754656553268433","-999","-999","-999","-999"
"5.759729862213135","-999","-999","-999","-999"
"5.764676332473755","-999","-999","-999","-999"
"5.7696990966796875","-999","-999","-999","-999"
"5.774743318557739","-999","-999","-999","-999"
"5.77963662147522","-999","-999","-999","-999"
"5.784658908843994","-999","-999","-999","-999"
"5.78967809677124","-999","-999","-999","-999"
"5.794771194458008","-999","-999","-999","-999"
"5.799647092819214","-999","-999","-999","-999"
"5.804687023162842","-999","-999","-999","-999"
"5.809748649597168","-999","-999","-999","-999"
"5.814653158187866","-999","-999","-999","-999"
"5.819660663604736","-999","-999","-999","-999"
"5.8246684074401855","-999","-999","-999","-999"
"5.829643487930298","-999","-999","-999","-999"
"5.834635972976685","-999","-999","-999","-999"
"5.839663505554199","-999","-999","-999","-999"
"5.844975471496582","-999","-999","-999","-999"
"5.849631309509277","-999","-999","-999","-999"
"5.8546462059021","-999","-999","-999","-999"
"5.859782695770264","-999","-999","-999","-999"
"5.864617109298706","-999","-999","-999","-999"
"5.869648694992065","-999","-999","-999","-999"
"5.874698877334595","-999","-999","-999","-999"
"5.8796374797821045","-999","-999","-999","-999"
"5.88464093208313","-999","-999","-999","-999"
"5.889679193496704","-999","-999","-999","-999"
"5.894729375839233","-999","-999","-999","-999"
"5.899651050567627","-999","-999","-999","-999"
"5.90467095375061","-999","-999","-999","-999"
"5.909648180007935","-999","-999","-999","-999"
"5.914662599563599","-999","-999","-999","-999"
"5.919634103775024","-999","-999","-999","-999"
"5.9247002601623535","-999","-999","-999","-999"
"5.92964243888855","-999","-999","-999","-999"
"5.93462347984314","-999","-999","-999","-999"
"5.940586090087891","-999","-999","-999","-999"
"5.944650411605835","-999","-999","-999","-999"
"5.949626445770264","-999","-999","-999","-999"
"5.954645395278931","-999","-999","-999","-999"
"5.959707021713257","-999","-999","-999","-999"
"5.964637994766235","-999","-999","-999","-999"
"5.9696595668792725","-999","-999","-999","-999"
"5.974669456481934","-999","-999","-999","-999"
"5.979629755020142","-999","-999","-999","-999"
"5.985123634338379","-999","-999","-999","-999"
"5.989643096923828","-999","-999","-999","-999"
"5.994692087173462","-999","-999","-999","-999"
"5.999639272689819","-999","-999","-999","-999"
"6.004658937454224","-999","-999","-999","-999"
"6.009631872177124","-999","-999","-999","-999"
"6.01465368270874","-999","-999","-999","-999"
"6.019774913787842","-999","-999","-999","-999"
"6.024699687957764","-999","-999","-999","-999"
"6.029648780822754","-999","-999","-999","-999"
"6.035396337509155","-999","-999","-999","-999"
"6.039649963378906","-999","-999","-999","-999"
"6.044672727584839","-999","-999","-999","-999"
"6.049628019332886","-999","-999","-999","-999"
"6.054630517959595","-999","-999","-999","-999"
"6.063763618469238","-999","-999","-999","-999"
"6.064989805221558","-999","-999","-999","-999"
"6.069629669189453","-999","-999","-999","-999"
"6.074681043624878","-999","-999","-999","-999"
"6.079632520675659","-999","-999","-999","-999"
"6.0855958461761475","-999","-999","-999","-999"
"6.089682340621948","-999","-999","-999","-999"
"6.094632625579834","-999","-999","-999","-999"
"6.100050449371338","-999","-999","-999","-999"
"6.104694128036499","-999","-999","-999","-999"
"6.1096436977386475","-999","-999","-999","-999"
"6.114627361297607","-999","-999","-999","-999"
"6.119666576385498","-999","-999","-999","-999"
"6.124682426452637","-999","-999","-999","-999"
"6.1296446323394775","-999","-999","-999","-999"
"6.13463282585144","-999","-999","-999","-999"
"6.139638662338257","-999","-999","-999","-999"
"6.144759893417358","-999","-999","-999","-999"
"6.1496241092681885","-999","-999","-999","-999"
"6.1546361446380615","-999","-999","-999","-999"
"6.159662485122681","-999","-999","-999","-999"
"6.164683818817139","-999","-999","-999","-999"
"6.169642448425293","-999","-999","-999","-999"
"6.174743175506592","-999","-999","-999","-999"
"6.180221319198608","-999","-999","-999","-999"
"6.184631586074829","-999","-999","-999","-999"
"6.1896421909332275","-999","-999","-999","-999"
"6.194768667221069","-999","-999","-999","-999"
"6.199642896652222","-999","-999","-999","-999"
"6.204631567001343","-999","-999","-999","-999"
"6.2097108364105225","-999","-999","-999","-999"
"6.21462869644165","-999","-999","-999","-999"
"6.220784425735474","-999","-999","-999","-999"
"6.224698781967163","-999","-999","-999","-999"
"6.229649066925049","-999","-999","-999","-999"
"6.234642744064331","-999","-999","-999","-999"
"6.239687204360962","-999","-999","-999","-999"
"6.244638204574585","-999","-999","-999","-999"
"6.249665260314941","-999","-999","-999","-999"
"6.25464391708374","-999","-999","-999","-999"
"6.259662389755249","-999","-999","-999","-999"
"6.264667510986328","-999","-999","-999","-999"
"6.269643545150757","-999","-999","-999","-999"
"6.274768352508545","-999","-999","-999","-999"
"6.279635906219482","-999","-999","-999","-999"
"6.284626483917236","-999","-999","-999","-999"
"6.289657354354858","-999","-999","-999","-999"
"6.294677257537842","-999","-999","-999","-999"
"6.299649953842163","-999","-999","-999","-999"
"6.304677724838257","-999","-999","-999","-999"
"6.309673070907593","-999","-999","-999","-999"
"6.314630508422852","-999","-999","-999","-999"
"6.3196423053741455","-999","-999","-999","-999"
"6.324721097946167","-999","-999","-999","-999"
"6.329633474349976","-999","-999","-999","-999"
"6.334614515304565","-999","-999","-999","-999"
"6.3426127433776855","-999","-999","-999","-999"
"6.344630479812622","-999","-999","-999","-999"
"6.349639654159546","-999","-999","-999","-999"
"6.354634523391724","-999","-999","-999","-999"
"6.35963773727417","-999","-999","-999","-999"
"6.364745855331421","-999","-999","-999","-999"
"6.3696348667144775","-999","-999","-999","-999"
"6.374756336212158","-999","-999","-999","-999"
"6.379637718200684","-999","-999","-999","-999"
"6.38461971282959","-999","-999","-999","-999"
"6.389661073684692","-999","-999","-999","-999"
"6.394634485244751","-999","-999","-999","-999"
"6.399627685546875","-999","-999","-999","-999"
"6.404645919799805","-999","-999","-999","-999"
"6.4097137451171875","-999","-999","-999","-999"
"6.414673089981079","-999","-999","-999","-999"
"6.42047643661499","-999","-999","-999","-999"
"6.424805641174316","-999","-999","-999","-999"
"6.429625511169434","-999","-999","-999","-999"
"6.434618711471558","-999","-999","-999","-999"
"6.439645290374756","-999","-999","-999","-999"
"6.444698095321655","-999","-999","-999","-999"
"6.449652433395386","-999","-999","-999","-999"
"6.4546403884887695","-999","-999","-999","-999"
"6.459712743759155","-999","-999","-999","-999"
"6.464649200439453","-999","-999","-999","-999"
"6.469696521759033","-999","-999","-999","-999"
"6.474737644195557","-999","-999","-999","-999"
"6.479630947113037","-999","-999","-999","-999"
"6.484629392623901","-999","-999","-999","-999"
"6.492053270339966","-999","-999","-999","-999"
"6.494626045227051","-999","-999","-999","-999"
"6.50032114982605","-999","-999","-999","-999"
"6.504652738571167","-999","-999","-999","-999"
"6.509641408920288","-999","-999","-999","-999"
"6.51469349861145","-999","-999","-999","-999"
"6.519650459289551","-999","-999","-999","-999"
"6.524686574935913","-999","-999","-999","-999"
"6.529645681381226","-999","-999","-999","-999"
"6.534649848937988","-999","-999","-999","-999"
"6.5412514209747314","-999","-999","-999","-999"
"6.5446858406066895","-999","-999","-999","-999"
"6.549630880355835","-999","-999","-999","-999"
"6.554628610610962","-999","-999","-999","-999"
"6.55965256690979","-999","-999","-999","-999"
"6.565330266952515","-999","-999","-999","-999"
"6.569634675979614","-999","-999","-999","-999"
"6.5746848583221436","-999","-999","-999","-999"
"6.582183599472046","-999","-999","-999","-999"
"6.58464241027832","-999","-999","-999","-999"
"6.59075665473938","-999","-999","-999","-999"
"6.594624280929565","-999","-999","-999","-999"
"6.599645137786865","-999","-999","-999","-999"
"6.604635238647461","-999","-999","-999","-999"
"6.609696865081787","-999","-999","-999","-999"
"6.614640474319458","-999","-999","-999","-999"
"6.61961817741394","-999","-999","-999","-999"
"6.62479305267334","-999","-999","-999","-999"
"6.629642724990845","-999","-999","-999","-999"
"6.634655237197876","-999","-999","-999","-999"
"6.639705181121826","-999","-999","-999","-999"
"6.644635438919067","-999","-999","-999","-999"
"6.649661064147949","-999","-999","-999","-999"
"6.654631853103638","-999","-999","-999","-999"
"6.659675359725952","-999","-999","-999","-999"
"6.664642572402954","-999","-999","-999","-999"
"6.669654130935669","-999","-999","-999","-999"
"6.674759864807129","-999","-999","-999","-999"
"6.67966103553772","-999","-999","-999","-999"
"6.684656143188477","-999","-999","-999","-999"
"6.689660310745239","-999","-999","-999","-999"
"6.694636344909668","-999","-999","-999","-999"
"6.699639081954956","-999","-999","-999","-999"
"6.7046473026275635","-999","-999","-999","-999"
"6.709636449813843","-999","-999","-999","-999"
"6.71462607383728","-999","-999","-999","-999"
"6.719656705856323","-999","-999","-999","-999"
"6.7247679233551025","-999","-999","-999","-999"
"6.72964072227478","-999","-999","-999","-999"
"6.734625816345215","-999","-999","-999","-999"
"6.7397496700286865","-999","-999","-999","-999"
"6.744694471359253","-999","-999","-999","-999"
"6.749627351760864","-999","-999","-999","-999"
"6.754676818847656","-999","-999","-999","-999"
"6.759651184082031","-999","-999","-999","-999"
"6.764636754989624","-999","-999","-999","-999"
"6.769644021987915","-999","-999","-999","-999"
"6.774722576141357","-999","-999","-999","-999"
